{
  "db/campaign_notes.sql": 1772253163.27343,
  "db/migration_chat.sql": 1772252257.5727115,
  "db/schema.sql": 1771540053.8711307,
  "db/update_schema.sql": 1771540055.7920675,
  "index.html": 1771541050.1023037,
  "package.json": 1772253082.2494133,
  "postcss.config.js": 1771538677.2009177,
  "src/App.vue": 1771537161.8427637,
  "src/components/campaign/CampaignRollPanel.vue": 1772504663.7718754,
  "src/components/campaign/CampaignSettingsDropdown.vue": 1772254386.0457923,
  "src/components/campaign/ChatAttackCard.vue": 1772252341.7053497,
  "src/components/campaign/ChatMessage.vue": 1772504026.0868797,
  "src/components/campaign/ChatRollResult.vue": 1772252327.3914397,
  "src/components/campaign/ChatSidebar.vue": 1772504435.308689,
  "src/components/campaign/CreateCampaignModal.vue": 1771561463.4838502,
  "src/components/campaign/JoinCampaignModal.vue": 1771565234.51952,
  "src/components/campaign/QuickNpcModal.vue": 1772504575.8775928,
  "src/components/campaign/SheetChatOverlay.vue": 1771564992.5531707,
  "src/components/campaign/SheetSelectorModal.vue": 1772229872.01187,
  "src/components/campaign/notepad/NotepadEditor.vue": 1772505705.8393633,
  "src/components/campaign/notepad/NotepadPanel.vue": 1772254251.4977365,
  "src/components/campaign/notepad/NotepadSidebar.vue": 1772253706.6561658,
  "src/components/campaign/notepad/NotepadToolbar.vue": 1772253241.2757466,
  "src/components/campaign/notepad/NotepadTreeItem.vue": 1772253724.8389702,
  "src/components/campaign/notepad/useNotepad.ts": 1772253165.4089992,
  "src/components/design/DesignToken.vue": 1771543113.6865046,
  "src/components/sheet/CoreDataEditorModal.vue": 1772506350.7589686,
  "src/components/sheet/ItemEditorModal.vue": 1772504662.4585426,
  "src/components/sheet/RawDataEditorModal.vue": 1772240966.679893,
  "src/components/sheet/blocks/AttrsBlock.vue": 1772239357.4033344,
  "src/components/sheet/blocks/CombatBlock.vue": 1772238591.7888017,
  "src/components/sheet/blocks/HeaderBlock.vue": 1772506224.973673,
  "src/components/sheet/blocks/ResourcesBlock.vue": 1772239063.566567,
  "src/components/sheet/blocks/ShortcutsBlock.vue": 1772504660.6706734,
  "src/components/sheet/blocks/VitalsBlock.vue": 1772246842.266201,
  "src/components/sheet/tabs/ConfigTab.vue": 1772241026.5135324,
  "src/components/sheet/tabs/EquipmentTab.vue": 1772505703.94452,
  "src/components/sheet/tabs/FeatsTab.vue": 1772252685.8425899,
  "src/components/sheet/tabs/ResourcesTab.vue": 1772247534.2006664,
  "src/components/sheet/tabs/SkillsTab.vue": 1772240149.1042671,
  "src/components/sheet/tabs/SummaryTab.vue": 1772504718.4509242,
  "src/components/ui/button/Button.vue": 1771537244.5508223,
  "src/components/ui/button/index.ts": 1771537247.6599884,
  "src/components/ui/card/Card.vue": 1771537429.1375847,
  "src/components/ui/card/CardContent.vue": 1771537437.1077945,
  "src/components/ui/card/CardDescription.vue": 1771537435.1341665,
  "src/components/ui/card/CardFooter.vue": 1771537439.0859528,
  "src/components/ui/card/CardHeader.vue": 1771537431.027084,
  "src/components/ui/card/CardTitle.vue": 1771537433.0484402,
  "src/components/ui/card/index.ts": 1771537441.1397586,
  "src/components/ui/checkbox/Checkbox.vue": 1771537817.662699,
  "src/components/ui/checkbox/index.ts": 1771537820.559545,
  "src/components/ui/input/Input.vue": 1771537249.7847116,
  "src/components/ui/input/index.ts": 1771537499.6457348,
  "src/components/ui/label/Label.vue": 1771537251.3518238,
  "src/components/ui/label/index.ts": 1771537501.7338598,
  "src/components/ui/radio-group/RadioGroup.vue": 1771541994.7660372,
  "src/components/ui/radio-group/RadioGroupItem.vue": 1771541997.9562085,
  "src/components/ui/radio-group/index.ts": 1771541991.0511968,
  "src/components/ui/select/Select.vue": 1771537598.6420512,
  "src/components/ui/select/SelectContent.vue": 1771537608.3029656,
  "src/components/ui/select/SelectItem.vue": 1771537610.372034,
  "src/components/ui/select/SelectTrigger.vue": 1771537600.5802011,
  "src/components/ui/select/SelectValue.vue": 1771537605.0077024,
  "src/components/ui/select/index.ts": 1771537612.4180784,
  "src/components/ui/tabs/Tabs.vue": 1771540954.1269836,
  "src/components/ui/tabs/TabsContent.vue": 1771540960.9781098,
  "src/components/ui/tabs/TabsList.vue": 1771540957.1161914,
  "src/components/ui/tabs/TabsTrigger.vue": 1771540959.3453498,
  "src/components/ui/tabs/index.ts": 1771540951.7964642,
  "src/components/ui/textarea/Textarea.vue": 1771537890.9479322,
  "src/components/ui/textarea/index.ts": 1771537893.2202823,
  "src/components/wizard/steps/AttributesStep.vue": 1771540440.9150572,
  "src/components/wizard/steps/BasicInfoStep.vue": 1771655053.0898674,
  "src/components/wizard/steps/CombatStatsStep.vue": 1771651928.6429925,
  "src/components/wizard/steps/EquipmentBioStep.vue": 1771540496.0824344,
  "src/components/wizard/steps/FeatsStep.vue": 1771540486.5239542,
  "src/components/wizard/steps/SkillsStep.vue": 1771651702.088761,
  "src/components/wizard/steps/TypeStep.vue": 1771652142.5405426,
  "src/composables/useDeleteConfirm.ts": 1771943706.5246284,
  "src/composables/useDndCalculations.ts": 1772505612.746079,
  "src/composables/useDragReorder.ts": 1771943765.272468,
  "src/composables/useRolls.ts": 1772504133.9054456,
  "src/composables/useSheet.ts": 1772231209.0793185,
  "src/composables/useSheetEdit.ts": 1772504074.235803,
  "src/composables/useSkills.ts": 1771944338.354092,
  "src/data/dnd35.ts": 1771650745.8680394,
  "src/data/sheetConstants.ts": 1771944378.6524005,
  "src/lib/sheetDefaults.ts": 1772504318.7808974,
  "src/lib/supabase.ts": 1771538814.7868352,
  "src/lib/useCampaignRolls.ts": 1772504316.8248427,
  "src/lib/utils.ts": 1771537110.349043,
  "src/main.ts": 1771538253.005978,
  "src/router/index.ts": 1772505707.9171007,
  "src/stores/auth.ts": 1771537222.6316829,
  "src/stores/wizardStore.ts": 1772504314.745608,
  "src/style.css": 1771635411.696712,
  "src/types/sheet.ts": 1772504136.7183948,
  "src/views/CampaignView.vue": 1772504425.2328205,
  "src/views/CreateSheetView.vue": 1772229366.665268,
  "src/views/DashboardView.vue": 1772229320.6944215,
  "src/views/DesignSystemView.vue": 1771543396.7408354,
  "src/views/HomeView.vue": 1771537484.9328094,
  "src/views/LoginView.vue": 1772505752.7750227,
  "src/views/RegisterView.vue": 1771537466.6879675,
  "src/views/SheetView.vue": 1772506177.819729,
  "supabase_setup.sql": 1771562217.5801742,
  "tailwind.config.js": 1771635151.3731225,
  "tsconfig.app.json": 1771537127.0764847,
  "tsconfig.json": 1771288879.0270238,
  "tsconfig.node.json": 1771288879.0363297,
  "vercel.json": 1771566165.758247,
  "vite.config.ts": 1771537191.4523923
}